TimeCET,pairs,interval,open,high,low,close,volume
2022-03-27 00:05:00,ANYUSDT,5,12.64,12.67,12.62,12.67,798.16
2022-03-27 00:10:00,ANYUSDT,5,12.66,12.67,12.66,12.67,134.68
2022-03-27 00:15:00,ANYUSDT,5,12.67,12.67,12.65,12.65,118.54
2022-03-27 00:20:00,ANYUSDT,5,12.66,12.7,12.66,12.7,1925.58
2022-03-27 00:25:00,ANYUSDT,5,12.7,12.71,12.69,12.7,211.64
2022-03-27 00:30:00,ANYUSDT,5,12.71,12.82,12.69,12.75,2441.07
2022-03-27 00:35:00,ANYUSDT,5,12.75,12.78,12.75,12.77,752.33
2022-03-27 00:40:00,ANYUSDT,5,12.77,12.77,12.73,12.75,336.69
2022-03-27 00:45:00,ANYUSDT,5,12.76,12.78,12.73,12.77,617.46
2022-03-27 00:50:00,ANYUSDT,5,12.77,12.77,12.66,12.7,2277.91
2022-03-27 00:55:00,ANYUSDT,5,12.7,12.72,12.63,12.7,1667.34
2022-03-27 01:00:00,ANYUSDT,5,12.7,12.71,12.68,12.68,240.51
2022-03-27 01:05:00,ANYUSDT,5,12.68,12.7,12.64,12.67,627.78
2022-03-27 01:10:00,ANYUSDT,5,12.67,12.69,12.63,12.63,1281.77
2022-03-27 01:15:00,ANYUSDT,5,12.64,12.67,12.63,12.66,496.24
2022-03-27 01:20:00,ANYUSDT,5,12.66,12.68,12.63,12.63,678.55
2022-03-27 01:25:00,ANYUSDT,5,12.64,12.68,12.63,12.67,1492.07
2022-03-27 01:30:00,ANYUSDT,5,12.67,12.68,12.62,12.63,1750.04
2022-03-27 01:35:00,ANYUSDT,5,12.63,12.65,12.61,12.62,2161.11
2022-03-27 01:40:00,ANYUSDT,5,12.61,12.67,12.61,12.66,990.44
2022-03-27 01:45:00,ANYUSDT,5,12.66,12.67,12.6,12.62,1035.58
2022-03-27 01:50:00,ANYUSDT,5,12.61,12.64,12.6,12.64,1497.52
2022-03-27 01:55:00,ANYUSDT,5,12.64,12.65,12.63,12.63,576.68
2022-03-27 03:00:00,ANYUSDT,5,12.62,12.64,12.6,12.6,2078.06
2022-03-27 03:05:00,ANYUSDT,5,12.6,12.61,12.58,12.61,952.82
2022-03-27 03:10:00,ANYUSDT,5,12.61,12.63,12.59,12.62,950.93
2022-03-27 03:15:00,ANYUSDT,5,12.62,12.63,12.59,12.6,645.31
2022-03-27 03:20:00,ANYUSDT,5,12.59,12.63,12.59,12.61,422.6
2022-03-27 03:25:00,ANYUSDT,5,12.61,12.62,12.59,12.6,1129.03
2022-03-27 03:30:00,ANYUSDT,5,12.6,12.61,12.6,12.61,1440.23
2022-03-27 03:35:00,ANYUSDT,5,12.6,12.62,12.6,12.6,438.68
2022-03-27 03:40:00,ANYUSDT,5,12.6,12.65,12.59,12.6,2228.52
2022-03-27 03:45:00,ANYUSDT,5,12.6,12.64,12.6,12.64,608.6
2022-03-27 03:50:00,ANYUSDT,5,12.62,12.64,12.6,12.62,268.23
2022-03-27 03:55:00,ANYUSDT,5,12.62,12.64,12.62,12.63,177.32
2022-03-27 04:00:00,ANYUSDT,5,12.63,12.65,12.63,12.65,368.34
2022-03-27 04:05:00,ANYUSDT,5,12.65,12.72,12.65,12.7,2100.2
2022-03-27 04:10:00,ANYUSDT,5,12.69,12.76,12.69,12.75,1088.78
2022-03-27 04:15:00,ANYUSDT,5,12.75,12.76,12.72,12.72,1945.17
2022-03-27 04:20:00,ANYUSDT,5,12.71,12.74,12.71,12.74,638.31
2022-03-27 04:25:00,ANYUSDT,5,12.74,12.75,12.64,12.66,2036.51
2022-03-27 04:30:00,ANYUSDT,5,12.66,12.71,12.65,12.71,777.53
2022-03-27 04:35:00,ANYUSDT,5,12.72,12.77,12.72,12.77,1346.39
2022-03-27 04:40:00,ANYUSDT,5,12.77,12.77,12.7,12.72,871.89
2022-03-27 04:45:00,ANYUSDT,5,12.72,12.76,12.72,12.74,343.68
2022-03-27 04:50:00,ANYUSDT,5,12.75,12.77,12.74,12.76,529.54
2022-03-27 04:55:00,ANYUSDT,5,12.76,12.77,12.75,12.76,292.03
2022-03-27 05:00:00,ANYUSDT,5,12.77,12.77,12.74,12.74,2078.59
2022-03-27 05:05:00,ANYUSDT,5,12.74,12.74,12.72,12.73,202.48
2022-03-27 05:10:00,ANYUSDT,5,12.73,12.74,12.72,12.72,1062.49
2022-03-27 05:15:00,ANYUSDT,5,12.72,12.72,12.7,12.7,321.18
2022-03-27 05:20:00,ANYUSDT,5,12.7,12.71,12.7,12.7,117.86
2022-03-27 05:25:00,ANYUSDT,5,12.7,12.7,12.6,12.64,3628.97
2022-03-27 05:30:00,ANYUSDT,5,12.65,12.66,12.64,12.66,620.96
2022-03-27 05:35:00,ANYUSDT,5,12.66,12.66,12.65,12.65,408.28
2022-03-27 05:40:00,ANYUSDT,5,12.66,12.67,12.66,12.67,448.1
2022-03-27 05:45:00,ANYUSDT,5,12.66,12.69,12.66,12.68,1130.44
2022-03-27 05:50:00,ANYUSDT,5,12.68,12.68,12.66,12.66,274.56
2022-03-27 05:55:00,ANYUSDT,5,12.66,12.7,12.66,12.7,700.39
2022-03-27 06:00:00,ANYUSDT,5,12.7,12.72,12.7,12.72,1302.55
2022-03-27 06:05:00,ANYUSDT,5,12.71,12.71,12.69,12.69,295.65
2022-03-27 06:10:00,ANYUSDT,5,12.69,12.69,12.68,12.68,220.31
2022-03-27 06:15:00,ANYUSDT,5,12.69,12.71,12.66,12.68,881.78
2022-03-27 06:20:00,ANYUSDT,5,12.68,12.72,12.68,12.72,216.23
2022-03-27 06:25:00,ANYUSDT,5,12.72,12.73,12.69,12.69,177.67
2022-03-27 06:30:00,ANYUSDT,5,12.68,12.7,12.68,12.7,69.45
2022-03-27 06:35:00,ANYUSDT,5,12.69,12.69,12.67,12.68,520.56
2022-03-27 06:40:00,ANYUSDT,5,12.67,12.68,12.66,12.66,215.16
2022-03-27 06:45:00,ANYUSDT,5,12.66,12.67,12.66,12.66,48.44
2022-03-27 06:50:00,ANYUSDT,5,12.67,12.67,12.66,12.66,40.73
2022-03-27 06:55:00,ANYUSDT,5,12.66,12.66,12.65,12.66,142.98
2022-03-27 07:00:00,ANYUSDT,5,12.65,12.67,12.64,12.64,479.84
2022-03-27 07:05:00,ANYUSDT,5,12.65,12.66,12.64,12.64,926.28
2022-03-27 07:10:00,ANYUSDT,5,12.64,12.68,12.64,12.67,1037.86
2022-03-27 07:15:00,ANYUSDT,5,12.68,12.68,12.65,12.65,329.42
2022-03-27 07:20:00,ANYUSDT,5,12.66,12.67,12.65,12.67,93.5
2022-03-27 07:25:00,ANYUSDT,5,12.66,12.66,12.66,12.66,185.64
2022-03-27 07:30:00,ANYUSDT,5,12.65,12.65,12.63,12.65,826.01
2022-03-27 07:35:00,ANYUSDT,5,12.65,12.67,12.61,12.63,989.76
2022-03-27 07:40:00,ANYUSDT,5,12.63,12.63,12.61,12.61,483.23
2022-03-27 07:45:00,ANYUSDT,5,12.62,12.66,12.61,12.66,652.61
2022-03-27 07:50:00,ANYUSDT,5,12.66,12.7,12.66,12.67,328.34
2022-03-27 07:55:00,ANYUSDT,5,12.68,12.68,12.65,12.65,261.8
2022-03-27 08:00:00,ANYUSDT,5,12.67,12.67,12.65,12.65,187.89
2022-03-27 08:05:00,ANYUSDT,5,12.67,12.67,12.64,12.64,355.63
2022-03-27 08:10:00,ANYUSDT,5,12.64,12.64,12.6,12.63,633.17
2022-03-27 08:15:00,ANYUSDT,5,12.62,12.63,12.6,12.6,657.71
2022-03-27 08:20:00,ANYUSDT,5,12.6,12.63,12.58,12.58,1178.53
2022-03-27 08:25:00,ANYUSDT,5,12.58,12.72,12.58,12.63,1833.68
2022-03-27 08:30:00,ANYUSDT,5,12.63,12.63,12.6,12.61,354.38
2022-03-27 08:35:00,ANYUSDT,5,12.61,12.64,12.58,12.63,1427.86
2022-03-27 08:40:00,ANYUSDT,5,12.63,12.64,12.61,12.63,200.75
2022-03-27 08:45:00,ANYUSDT,5,12.63,12.63,12.58,12.62,540.91
2022-03-27 08:50:00,ANYUSDT,5,12.62,12.62,12.59,12.6,767.74
2022-03-27 08:55:00,ANYUSDT,5,12.61,12.62,12.59,12.6,297.56
2022-03-27 09:00:00,ANYUSDT,5,12.61,12.62,12.58,12.59,453.88
2022-03-27 09:05:00,ANYUSDT,5,12.59,12.62,12.59,12.61,63.38
2022-03-27 09:10:00,ANYUSDT,5,12.6,12.61,12.6,12.61,204.35
2022-03-27 09:15:00,ANYUSDT,5,12.61,12.61,12.59,12.6,535.17
2022-03-27 09:20:00,ANYUSDT,5,12.62,12.62,12.59,12.6,345.88
2022-03-27 09:25:00,ANYUSDT,5,12.6,12.6,12.58,12.6,455.98
2022-03-27 09:30:00,ANYUSDT,5,12.61,12.66,12.61,12.66,806.39
2022-03-27 09:35:00,ANYUSDT,5,12.64,12.66,12.62,12.62,988.02
2022-03-27 09:40:00,ANYUSDT,5,12.62,12.64,12.62,12.63,229.64
2022-03-27 09:45:00,ANYUSDT,5,12.63,12.64,12.62,12.63,143.51
2022-03-27 09:50:00,ANYUSDT,5,12.63,12.64,12.58,12.64,762.86
2022-03-27 09:55:00,ANYUSDT,5,12.64,12.65,12.63,12.64,142.38
2022-03-27 10:00:00,ANYUSDT,5,12.64,12.65,12.61,12.64,805.36
2022-03-27 10:05:00,ANYUSDT,5,12.65,12.65,12.61,12.61,461.05
2022-03-27 10:10:00,ANYUSDT,5,12.61,12.65,12.6,12.64,971.0
2022-03-27 10:15:00,ANYUSDT,5,12.64,12.65,12.6,12.62,1342.49
2022-03-27 10:20:00,ANYUSDT,5,12.62,12.63,12.61,12.63,624.55
2022-03-27 10:25:00,ANYUSDT,5,12.63,12.65,12.6,12.62,1048.08
2022-03-27 10:30:00,ANYUSDT,5,12.61,12.7,12.61,12.65,1939.34
2022-03-27 10:35:00,ANYUSDT,5,12.66,12.75,12.65,12.74,2424.07
2022-03-27 10:40:00,ANYUSDT,5,12.74,12.78,12.73,12.78,1700.75
2022-03-27 10:45:00,ANYUSDT,5,12.77,12.77,12.73,12.75,1401.99
2022-03-27 10:50:00,ANYUSDT,5,12.75,12.76,12.66,12.71,1345.52
2022-03-27 10:55:00,ANYUSDT,5,12.71,12.72,12.69,12.7,234.59
2022-03-27 11:00:00,ANYUSDT,5,12.7,12.73,12.66,12.73,1428.83
2022-03-27 11:05:00,ANYUSDT,5,12.73,12.76,12.73,12.74,795.64
2022-03-27 11:10:00,ANYUSDT,5,12.73,13.0,12.73,12.88,15901.52
2022-03-27 11:15:00,ANYUSDT,5,12.86,13.06,12.83,12.84,3996.18
2022-03-27 11:20:00,ANYUSDT,5,12.85,12.9,12.84,12.9,1809.58
2022-03-27 11:25:00,ANYUSDT,5,12.89,12.99,12.88,12.95,3241.49
2022-03-27 11:30:00,ANYUSDT,5,12.95,13.05,12.94,12.99,6414.31
2022-03-27 11:35:00,ANYUSDT,5,13.0,13.18,12.98,13.16,7499.65
2022-03-27 11:40:00,ANYUSDT,5,13.17,13.24,13.14,13.21,3837.74
2022-03-27 11:45:00,ANYUSDT,5,13.17,13.25,13.08,13.1,10948.74
2022-03-27 11:50:00,ANYUSDT,5,13.11,13.14,13.07,13.08,2188.27
2022-03-27 11:55:00,ANYUSDT,5,13.08,13.1,13.05,13.05,1858.82
2022-03-27 12:00:00,ANYUSDT,5,13.0,13.05,12.95,12.97,1895.42
2022-03-27 12:05:00,ANYUSDT,5,12.98,13.13,12.92,13.12,6856.04
2022-03-27 12:10:00,ANYUSDT,5,13.12,13.14,13.0,13.06,7996.51
2022-03-27 12:15:00,ANYUSDT,5,13.06,13.09,12.96,12.97,2851.11
2022-03-27 12:20:00,ANYUSDT,5,12.96,13.02,12.95,13.0,1503.25
2022-03-27 12:25:00,ANYUSDT,5,13.01,13.04,12.97,13.03,1983.88
2022-03-27 12:30:00,ANYUSDT,5,13.03,13.03,12.92,12.95,2874.78
2022-03-27 12:35:00,ANYUSDT,5,12.95,12.95,12.84,12.86,3565.32
2022-03-27 12:40:00,ANYUSDT,5,12.86,12.86,12.8,12.82,2834.09
2022-03-27 12:45:00,ANYUSDT,5,12.82,12.82,12.79,12.79,1141.02
2022-03-27 12:50:00,ANYUSDT,5,12.84,12.85,12.78,12.8,2212.01
2022-03-27 12:55:00,ANYUSDT,5,12.79,12.81,12.77,12.78,1669.56
2022-03-27 13:00:00,ANYUSDT,5,12.78,12.78,12.74,12.77,1083.91
2022-03-27 13:05:00,ANYUSDT,5,12.79,12.83,12.78,12.83,1555.97
2022-03-27 13:10:00,ANYUSDT,5,12.83,12.83,12.79,12.81,2448.02
2022-03-27 13:15:00,ANYUSDT,5,12.81,12.82,12.78,12.79,411.81
2022-03-27 13:20:00,ANYUSDT,5,12.79,12.82,12.78,12.8,997.52
2022-03-27 13:25:00,ANYUSDT,5,12.8,12.82,12.79,12.81,592.25
2022-03-27 13:30:00,ANYUSDT,5,12.81,12.83,12.8,12.83,479.35
2022-03-27 13:35:00,ANYUSDT,5,12.83,12.83,12.8,12.83,715.86
2022-03-27 13:40:00,ANYUSDT,5,12.82,12.82,12.8,12.8,295.3
2022-03-27 13:45:00,ANYUSDT,5,12.82,12.83,12.81,12.82,624.24
2022-03-27 13:50:00,ANYUSDT,5,12.83,12.83,12.81,12.82,285.27
2022-03-27 13:55:00,ANYUSDT,5,12.81,12.83,12.78,12.79,2019.27
2022-03-27 14:00:00,ANYUSDT,5,12.78,12.79,12.7,12.77,3393.77
2022-03-27 14:05:00,ANYUSDT,5,12.78,12.82,12.77,12.81,2362.42
2022-03-27 14:10:00,ANYUSDT,5,12.81,12.88,12.81,12.88,1707.76
2022-03-27 14:15:00,ANYUSDT,5,12.88,13.1,12.88,12.97,2472.29
2022-03-27 14:20:00,ANYUSDT,5,12.89,12.89,12.84,12.84,739.79
2022-03-27 14:25:00,ANYUSDT,5,12.84,12.86,12.81,12.81,497.76
2022-03-27 14:30:00,ANYUSDT,5,12.83,12.83,12.79,12.82,793.3
2022-03-27 14:35:00,ANYUSDT,5,12.83,12.83,12.82,12.82,260.98
2022-03-27 14:40:00,ANYUSDT,5,12.83,12.94,12.83,12.93,959.8
2022-03-27 14:45:00,ANYUSDT,5,12.93,12.93,12.86,12.87,563.87
2022-03-27 14:50:00,ANYUSDT,5,12.87,12.87,12.84,12.84,797.73
2022-03-27 14:55:00,ANYUSDT,5,12.84,12.84,12.75,12.75,3212.41
2022-03-27 15:00:00,ANYUSDT,5,12.75,12.8,12.74,12.79,903.57
2022-03-27 15:05:00,ANYUSDT,5,12.79,12.79,12.79,12.79,0.0
2022-03-27 15:10:00,ANYUSDT,5,12.74,12.8,12.73,12.78,946.57
2022-03-27 15:15:00,ANYUSDT,5,12.78,12.81,12.76,12.8,595.64
2022-03-27 15:20:00,ANYUSDT,5,12.8,12.8,12.76,12.76,440.63
2022-03-27 15:25:00,ANYUSDT,5,12.67,12.68,12.61,12.65,2168.85
2022-03-27 15:30:00,ANYUSDT,5,12.64,12.71,12.6,12.67,4893.99
2022-03-27 15:35:00,ANYUSDT,5,12.68,12.73,12.67,12.72,703.81
2022-03-27 15:40:00,ANYUSDT,5,12.73,12.75,12.68,12.69,1585.98
2022-03-27 15:45:00,ANYUSDT,5,12.68,12.69,12.67,12.68,729.91
2022-03-27 15:50:00,ANYUSDT,5,12.69,12.7,12.68,12.7,474.93
2022-03-27 15:55:00,ANYUSDT,5,12.7,12.72,12.63,12.65,3787.5
2022-03-27 16:00:00,ANYUSDT,5,12.65,12.71,12.63,12.7,1368.34
2022-03-27 16:05:00,ANYUSDT,5,12.7,12.83,12.7,12.72,3478.37
2022-03-27 16:10:00,ANYUSDT,5,12.73,12.75,12.69,12.69,895.03
2022-03-27 16:15:00,ANYUSDT,5,12.72,12.72,12.68,12.69,737.45
2022-03-27 16:20:00,ANYUSDT,5,12.71,12.71,12.7,12.7,14.47
2022-03-27 16:25:00,ANYUSDT,5,12.69,12.71,12.69,12.71,126.76
2022-03-27 16:30:00,ANYUSDT,5,12.7,12.7,12.67,12.68,1247.1
2022-03-27 16:35:00,ANYUSDT,5,12.69,12.7,12.67,12.69,258.68
2022-03-27 16:40:00,ANYUSDT,5,12.7,12.7,12.68,12.68,316.36
2022-03-27 16:45:00,ANYUSDT,5,12.68,12.69,12.68,12.68,157.14
2022-03-27 16:50:00,ANYUSDT,5,12.68,12.68,12.62,12.63,1999.17
2022-03-27 16:55:00,ANYUSDT,5,12.63,12.69,12.62,12.65,1453.83
2022-03-27 17:00:00,ANYUSDT,5,12.7,12.7,12.67,12.68,714.51
2022-03-27 17:05:00,ANYUSDT,5,12.68,12.73,12.67,12.68,3907.39
2022-03-27 17:10:00,ANYUSDT,5,12.69,12.74,12.68,12.71,1705.89
2022-03-27 17:15:00,ANYUSDT,5,12.71,12.76,12.68,12.68,596.75
2022-03-27 17:20:00,ANYUSDT,5,12.68,12.75,12.68,12.73,290.65
2022-03-27 17:25:00,ANYUSDT,5,12.73,12.76,12.71,12.74,1077.26
2022-03-27 17:30:00,ANYUSDT,5,12.75,12.78,12.75,12.75,1697.8
2022-03-27 17:35:00,ANYUSDT,5,12.75,12.75,12.75,12.75,23.87
2022-03-27 17:40:00,ANYUSDT,5,12.75,12.75,12.62,12.7,6516.01
2022-03-27 17:45:00,ANYUSDT,5,12.69,12.69,12.61,12.65,4412.66
2022-03-27 17:50:00,ANYUSDT,5,12.67,12.67,12.65,12.66,293.64
2022-03-27 17:55:00,ANYUSDT,5,12.63,12.66,12.63,12.66,343.79
2022-03-27 18:00:00,ANYUSDT,5,12.67,12.78,12.64,12.71,4353.45
2022-03-27 18:05:00,ANYUSDT,5,12.69,12.7,12.65,12.65,411.27
2022-03-27 18:10:00,ANYUSDT,5,12.67,12.69,12.65,12.69,562.18
2022-03-27 18:15:00,ANYUSDT,5,12.69,12.7,12.68,12.69,684.32
2022-03-27 18:20:00,ANYUSDT,5,12.68,12.73,12.68,12.7,594.16
2022-03-27 18:25:00,ANYUSDT,5,12.7,12.78,12.7,12.78,787.6
2022-03-27 18:30:00,ANYUSDT,5,12.78,12.78,12.74,12.77,820.28
2022-03-27 18:35:00,ANYUSDT,5,12.74,12.74,12.71,12.73,640.47
2022-03-27 18:40:00,ANYUSDT,5,12.73,12.74,12.7,12.7,783.86
2022-03-27 18:45:00,ANYUSDT,5,12.72,12.78,12.72,12.78,496.85
2022-03-27 18:50:00,ANYUSDT,5,12.78,12.78,12.75,12.75,863.75
2022-03-27 18:55:00,ANYUSDT,5,12.75,12.75,12.69,12.71,1497.45
2022-03-27 19:00:00,ANYUSDT,5,12.71,12.73,12.7,12.71,313.49
2022-03-27 19:05:00,ANYUSDT,5,12.7,12.7,12.67,12.69,591.3
2022-03-27 19:10:00,ANYUSDT,5,12.67,12.69,12.67,12.67,181.7
2022-03-27 19:15:00,ANYUSDT,5,12.67,12.69,12.66,12.66,644.07
2022-03-27 19:20:00,ANYUSDT,5,12.66,12.69,12.66,12.67,349.08
2022-03-27 19:25:00,ANYUSDT,5,12.67,12.67,12.61,12.61,4277.93
2022-03-27 19:30:00,ANYUSDT,5,12.62,12.65,12.6,12.63,6031.13
2022-03-27 19:35:00,ANYUSDT,5,12.63,12.64,12.61,12.64,641.43
2022-03-27 19:40:00,ANYUSDT,5,12.64,12.64,12.61,12.64,449.58
2022-03-27 19:45:00,ANYUSDT,5,12.64,12.65,12.62,12.62,332.46
2022-03-27 19:50:00,ANYUSDT,5,12.63,12.66,12.62,12.65,974.94
2022-03-27 19:55:00,ANYUSDT,5,12.67,12.68,12.62,12.65,944.5
2022-03-27 20:00:00,ANYUSDT,5,12.65,12.67,12.65,12.65,212.89
2022-03-27 20:05:00,ANYUSDT,5,12.67,12.69,12.67,12.67,106.64
2022-03-27 20:10:00,ANYUSDT,5,12.68,12.68,12.61,12.62,2020.02
2022-03-27 20:15:00,ANYUSDT,5,12.64,12.64,12.62,12.62,221.64
2022-03-27 20:20:00,ANYUSDT,5,12.64,12.64,12.6,12.63,1744.19
2022-03-27 20:25:00,ANYUSDT,5,12.61,12.68,12.61,12.67,1630.19
2022-03-27 20:30:00,ANYUSDT,5,12.67,12.69,12.63,12.69,2244.74
2022-03-27 20:35:00,ANYUSDT,5,12.67,12.72,12.65,12.7,1607.3
2022-03-27 20:40:00,ANYUSDT,5,12.71,12.78,12.71,12.74,2040.38
2022-03-27 20:45:00,ANYUSDT,5,12.74,12.76,12.71,12.71,137.2
2022-03-27 20:50:00,ANYUSDT,5,12.71,12.72,12.7,12.7,1122.97
2022-03-27 20:55:00,ANYUSDT,5,12.7,12.72,12.69,12.72,364.09
2022-03-27 21:00:00,ANYUSDT,5,12.72,12.78,12.72,12.74,1419.06
2022-03-27 21:05:00,ANYUSDT,5,12.75,12.81,12.73,12.77,2940.23
2022-03-27 21:10:00,ANYUSDT,5,12.76,12.81,12.72,12.72,519.99
2022-03-27 21:15:00,ANYUSDT,5,12.74,12.74,12.71,12.71,250.3
2022-03-27 21:20:00,ANYUSDT,5,12.71,12.71,12.68,12.68,723.96
2022-03-27 21:25:00,ANYUSDT,5,12.67,12.73,12.67,12.71,253.38
2022-03-27 21:30:00,ANYUSDT,5,12.72,12.75,12.72,12.72,134.73
2022-03-27 21:35:00,ANYUSDT,5,12.72,12.77,12.72,12.74,235.45
2022-03-27 21:40:00,ANYUSDT,5,12.74,12.76,12.7,12.73,558.39
2022-03-27 21:45:00,ANYUSDT,5,12.74,12.74,12.72,12.72,143.71
2022-03-27 21:50:00,ANYUSDT,5,12.73,12.73,12.72,12.72,79.79
2022-03-27 21:55:00,ANYUSDT,5,12.72,12.72,12.7,12.7,134.49
2022-03-27 22:00:00,ANYUSDT,5,12.7,12.73,12.69,12.7,310.54
2022-03-27 22:05:00,ANYUSDT,5,12.7,12.73,12.7,12.73,171.27
2022-03-27 22:10:00,ANYUSDT,5,12.73,12.74,12.73,12.73,178.48
2022-03-27 22:15:00,ANYUSDT,5,12.73,12.73,12.72,12.72,142.94
2022-03-27 22:20:00,ANYUSDT,5,12.72,12.72,12.7,12.7,185.29
2022-03-27 22:25:00,ANYUSDT,5,12.7,12.7,12.68,12.69,89.56
2022-03-27 22:30:00,ANYUSDT,5,12.69,12.74,12.69,12.74,473.63
2022-03-27 22:35:00,ANYUSDT,5,12.75,12.87,12.75,12.83,3537.59
2022-03-27 22:40:00,ANYUSDT,5,12.81,12.81,12.75,12.79,1770.01
2022-03-27 22:45:00,ANYUSDT,5,12.79,12.79,12.74,12.79,1635.47
2022-03-27 22:50:00,ANYUSDT,5,12.8,12.84,12.79,12.83,1375.94
2022-03-27 22:55:00,ANYUSDT,5,12.83,12.84,12.81,12.82,660.93
2022-03-27 23:00:00,ANYUSDT,5,12.81,12.82,12.78,12.78,756.54
2022-03-27 23:05:00,ANYUSDT,5,12.78,12.79,12.74,12.74,1977.63
2022-03-27 23:10:00,ANYUSDT,5,12.74,12.75,12.74,12.75,167.26
2022-03-27 23:15:00,ANYUSDT,5,12.74,12.75,12.71,12.75,639.48
2022-03-27 23:20:00,ANYUSDT,5,12.75,12.75,12.7,12.75,650.98
2022-03-27 23:25:00,ANYUSDT,5,12.73,12.85,12.72,12.82,1377.99
2022-03-27 23:30:00,ANYUSDT,5,12.82,12.87,12.77,12.86,1566.59
2022-03-27 23:35:00,ANYUSDT,5,12.86,12.88,12.83,12.86,2306.93
2022-03-27 23:40:00,ANYUSDT,5,12.86,12.88,12.86,12.88,477.11
2022-03-27 23:45:00,ANYUSDT,5,12.88,12.95,12.88,12.92,4749.05
2022-03-27 23:50:00,ANYUSDT,5,12.93,12.95,12.9,12.9,886.29
2022-03-27 23:55:00,ANYUSDT,5,12.91,12.98,12.9,12.94,3155.44
2022-03-28 00:00:00,ANYUSDT,5,12.97,13.1,12.95,13.09,10015.79
2022-03-28 00:05:00,ANYUSDT,5,13.06,13.35,13.06,13.34,35729.22
2022-03-28 00:10:00,ANYUSDT,5,13.34,13.34,13.15,13.2,15470.21
2022-03-28 00:15:00,ANYUSDT,5,13.19,13.23,13.15,13.21,4839.43
2022-03-28 00:20:00,ANYUSDT,5,13.22,13.25,13.15,13.18,4128.54
2022-03-28 00:25:00,ANYUSDT,5,13.2,13.34,13.17,13.31,4971.95
2022-03-28 00:30:00,ANYUSDT,5,13.31,13.31,13.15,13.19,3867.74
2022-03-28 00:35:00,ANYUSDT,5,13.18,13.2,13.15,13.18,10396.32
2022-03-28 00:40:00,ANYUSDT,5,13.18,13.19,13.16,13.17,1183.36
2022-03-28 00:45:00,ANYUSDT,5,13.16,13.19,13.16,13.16,1653.52
2022-03-28 00:50:00,ANYUSDT,5,13.16,13.17,13.11,13.11,2695.15
2022-03-28 00:55:00,ANYUSDT,5,13.12,13.14,13.02,13.04,6655.5
2022-03-28 01:00:00,ANYUSDT,5,13.04,13.09,13.03,13.08,986.12
2022-03-28 01:05:00,ANYUSDT,5,13.08,13.09,13.07,13.09,316.16
2022-03-28 01:10:00,ANYUSDT,5,13.09,13.11,13.04,13.11,1268.27
2022-03-28 01:15:00,ANYUSDT,5,13.12,13.13,13.06,13.1,1861.83
2022-03-28 01:20:00,ANYUSDT,5,13.13,13.15,13.12,13.12,1192.76
2022-03-28 01:25:00,ANYUSDT,5,13.12,13.12,13.05,13.1,1243.39
2022-03-28 01:30:00,ANYUSDT,5,13.1,13.11,13.09,13.1,522.3
2022-03-28 01:35:00,ANYUSDT,5,13.1,13.18,13.1,13.16,1072.86
2022-03-28 01:40:00,ANYUSDT,5,13.18,13.3,13.16,13.25,8853.44
2022-03-28 01:45:00,ANYUSDT,5,13.29,13.29,13.24,13.25,603.19
2022-03-28 01:50:00,ANYUSDT,5,13.26,13.26,13.22,13.24,899.04
2022-03-28 01:55:00,ANYUSDT,5,13.24,13.27,13.23,13.27,367.29
2022-03-28 02:00:00,ANYUSDT,5,13.26,13.26,13.16,13.19,2849.39
2022-03-28 02:05:00,ANYUSDT,5,13.17,13.17,13.11,13.13,1197.75
2022-03-28 02:10:00,ANYUSDT,5,13.13,13.13,13.11,13.12,135.97
2022-03-28 02:15:00,ANYUSDT,5,13.12,13.15,13.1,13.12,491.14
2022-03-28 02:20:00,ANYUSDT,5,13.12,13.19,13.08,13.19,2456.28
2022-03-28 02:25:00,ANYUSDT,5,13.19,13.21,13.1,13.1,719.6
2022-03-28 02:30:00,ANYUSDT,5,13.1,13.25,13.1,13.22,2746.32
2022-03-28 02:35:00,ANYUSDT,5,13.22,13.25,13.2,13.2,471.97
2022-03-28 02:40:00,ANYUSDT,5,13.19,13.22,13.18,13.21,1135.75
2022-03-28 02:45:00,ANYUSDT,5,13.21,13.21,13.13,13.17,1841.45
2022-03-28 02:50:00,ANYUSDT,5,13.17,13.17,13.11,13.13,326.93
2022-03-28 02:55:00,ANYUSDT,5,13.11,13.11,13.1,13.1,658.44
2022-03-28 03:00:00,ANYUSDT,5,13.1,13.12,13.08,13.08,2050.77
2022-03-28 03:05:00,ANYUSDT,5,13.08,13.08,13.0,13.04,2288.18
2022-03-28 03:10:00,ANYUSDT,5,13.03,13.06,13.02,13.06,973.97
2022-03-28 03:15:00,ANYUSDT,5,13.06,13.07,13.05,13.07,578.47
2022-03-28 03:20:00,ANYUSDT,5,13.06,13.1,13.05,13.1,1372.65
2022-03-28 03:25:00,ANYUSDT,5,13.1,13.14,13.1,13.12,1305.34
2022-03-28 03:30:00,ANYUSDT,5,13.14,13.15,13.11,13.12,1292.35
2022-03-28 03:35:00,ANYUSDT,5,13.14,13.15,13.1,13.12,302.64
2022-03-28 03:40:00,ANYUSDT,5,13.12,13.12,13.09,13.1,1589.6
2022-03-28 03:45:00,ANYUSDT,5,13.1,13.16,13.09,13.16,2310.94
2022-03-28 03:50:00,ANYUSDT,5,13.17,13.24,13.17,13.23,2355.39
2022-03-28 03:55:00,ANYUSDT,5,13.24,13.24,13.2,13.2,370.43
2022-03-28 04:00:00,ANYUSDT,5,13.23,13.29,13.22,13.23,2831.04
2022-03-28 04:05:00,ANYUSDT,5,13.23,13.33,13.23,13.3,1275.2
2022-03-28 04:10:00,ANYUSDT,5,13.3,13.3,13.26,13.26,400.82
2022-03-28 04:15:00,ANYUSDT,5,13.28,13.28,13.25,13.28,438.26
2022-03-28 04:20:00,ANYUSDT,5,13.28,13.3,13.27,13.29,187.47
2022-03-28 04:25:00,ANYUSDT,5,13.29,13.34,13.27,13.34,1022.44
2022-03-28 04:30:00,ANYUSDT,5,13.33,13.34,13.3,13.33,921.63
2022-03-28 04:35:00,ANYUSDT,5,13.31,13.35,13.31,13.34,568.15
2022-03-28 04:40:00,ANYUSDT,5,13.35,13.41,13.35,13.41,1671.22
2022-03-28 04:45:00,ANYUSDT,5,13.41,13.43,13.4,13.43,1825.56
2022-03-28 04:50:00,ANYUSDT,5,13.42,13.49,13.32,13.37,4711.83
2022-03-28 04:55:00,ANYUSDT,5,13.37,13.38,13.35,13.36,761.27
2022-03-28 05:00:00,ANYUSDT,5,13.38,13.45,13.38,13.42,1031.76
2022-03-28 05:05:00,ANYUSDT,5,13.42,13.43,13.39,13.43,1578.98
2022-03-28 05:10:00,ANYUSDT,5,13.43,13.48,13.43,13.47,1197.31
2022-03-28 05:15:00,ANYUSDT,5,13.47,13.47,13.4,13.42,1189.65
2022-03-28 05:20:00,ANYUSDT,5,13.43,13.43,13.39,13.42,928.44
2022-03-28 05:25:00,ANYUSDT,5,13.42,13.42,13.37,13.42,778.92
2022-03-28 05:30:00,ANYUSDT,5,13.45,13.5,13.35,13.39,3263.54
2022-03-28 05:35:00,ANYUSDT,5,13.4,13.4,13.34,13.34,270.04
2022-03-28 05:40:00,ANYUSDT,5,13.34,13.36,13.32,13.35,841.42
2022-03-28 05:45:00,ANYUSDT,5,13.34,13.35,13.32,13.32,399.97
2022-03-28 05:50:00,ANYUSDT,5,13.33,13.36,13.32,13.34,1128.09
2022-03-28 05:55:00,ANYUSDT,5,13.33,13.39,13.32,13.38,1024.17
2022-03-28 06:00:00,ANYUSDT,5,13.39,13.4,13.33,13.35,705.81
2022-03-28 06:05:00,ANYUSDT,5,13.35,13.37,13.32,13.32,1727.04
2022-03-28 06:10:00,ANYUSDT,5,13.33,13.39,13.32,13.38,476.3
2022-03-28 06:15:00,ANYUSDT,5,13.38,13.39,13.37,13.39,166.5
2022-03-28 06:20:00,ANYUSDT,5,13.39,13.39,13.28,13.28,1579.01
2022-03-28 06:25:00,ANYUSDT,5,13.28,13.29,13.25,13.28,615.72
2022-03-28 06:30:00,ANYUSDT,5,13.28,13.28,13.21,13.24,786.67
2022-03-28 06:35:00,ANYUSDT,5,13.25,13.25,13.23,13.23,191.89
2022-03-28 06:40:00,ANYUSDT,5,13.23,13.25,13.15,13.15,3293.87
2022-03-28 06:45:00,ANYUSDT,5,13.17,13.2,13.16,13.2,381.8
2022-03-28 06:50:00,ANYUSDT,5,13.19,13.21,13.19,13.19,211.05
2022-03-28 06:55:00,ANYUSDT,5,13.2,13.26,13.2,13.25,805.12
2022-03-28 07:00:00,ANYUSDT,5,13.26,13.28,13.24,13.27,1123.79
2022-03-28 07:05:00,ANYUSDT,5,13.27,13.3,13.25,13.27,1093.02
2022-03-28 07:10:00,ANYUSDT,5,13.25,13.32,13.25,13.3,1109.38
2022-03-28 07:15:00,ANYUSDT,5,13.32,13.45,13.3,13.4,4520.28
2022-03-28 07:20:00,ANYUSDT,5,13.4,13.42,13.37,13.39,2386.9
2022-03-28 07:25:00,ANYUSDT,5,13.39,13.4,13.38,13.38,411.43
2022-03-28 07:30:00,ANYUSDT,5,13.38,13.39,13.35,13.36,1026.53
2022-03-28 07:35:00,ANYUSDT,5,13.35,13.35,13.33,13.33,816.45
2022-03-28 07:40:00,ANYUSDT,5,13.33,13.36,13.33,13.35,1362.49
2022-03-28 07:45:00,ANYUSDT,5,13.35,13.36,13.34,13.34,202.64
2022-03-28 07:50:00,ANYUSDT,5,13.35,13.39,13.34,13.38,485.95
2022-03-28 07:55:00,ANYUSDT,5,13.38,13.38,13.31,13.31,1017.37
2022-03-28 08:00:00,ANYUSDT,5,13.31,13.36,13.28,13.31,1668.76
2022-03-28 08:05:00,ANYUSDT,5,13.3,13.3,13.15,13.17,7895.33
2022-03-28 08:10:00,ANYUSDT,5,13.15,13.17,13.11,13.11,2514.76
2022-03-28 08:15:00,ANYUSDT,5,13.11,13.14,13.1,13.14,1028.1
2022-03-28 08:20:00,ANYUSDT,5,13.14,13.19,13.13,13.17,1117.28
2022-03-28 08:25:00,ANYUSDT,5,13.18,13.19,13.12,13.14,2750.64
2022-03-28 08:30:00,ANYUSDT,5,13.12,13.14,13.05,13.06,5466.32
2022-03-28 08:35:00,ANYUSDT,5,13.09,13.1,13.05,13.05,4520.05
2022-03-28 08:40:00,ANYUSDT,5,13.05,13.07,13.01,13.01,3925.36
2022-03-28 08:45:00,ANYUSDT,5,13.02,13.03,13.0,13.01,3376.17
2022-03-28 08:50:00,ANYUSDT,5,13.01,13.01,12.89,12.9,8252.65
2022-03-28 08:55:00,ANYUSDT,5,12.9,12.96,12.9,12.96,1176.14
2022-03-28 09:00:00,ANYUSDT,5,12.95,12.96,12.84,12.96,11908.43
2022-03-28 09:05:00,ANYUSDT,5,12.97,12.98,12.9,12.95,7886.77
2022-03-28 09:10:00,ANYUSDT,5,12.93,12.96,12.84,12.85,7349.0
2022-03-28 09:15:00,ANYUSDT,5,12.86,12.88,12.8,12.82,8513.69
2022-03-28 09:20:00,ANYUSDT,5,12.82,12.85,12.72,12.78,9184.26
2022-03-28 09:25:00,ANYUSDT,5,12.79,12.79,12.68,12.71,10608.88
2022-03-28 09:30:00,ANYUSDT,5,12.71,12.78,12.7,12.74,5142.64
2022-03-28 09:35:00,ANYUSDT,5,12.74,12.78,12.71,12.76,4123.0
2022-03-28 09:40:00,ANYUSDT,5,12.77,12.8,12.69,12.73,8444.18
2022-03-28 09:45:00,ANYUSDT,5,12.72,12.74,12.7,12.71,5748.2
2022-03-28 09:50:00,ANYUSDT,5,12.71,12.75,12.62,12.68,8329.47
2022-03-28 09:55:00,ANYUSDT,5,12.7,12.74,12.63,12.63,7037.57
2022-03-28 10:00:00,ANYUSDT,5,12.63,12.7,12.61,12.68,2262.76
2022-03-28 10:05:00,ANYUSDT,5,12.68,12.73,12.68,12.71,2434.75
2022-03-28 10:10:00,ANYUSDT,5,12.71,12.72,12.69,12.71,1955.57
2022-03-28 10:15:00,ANYUSDT,5,12.72,12.72,12.56,12.59,12135.32
2022-03-28 10:20:00,ANYUSDT,5,12.6,12.68,12.59,12.66,1532.47
2022-03-28 10:25:00,ANYUSDT,5,12.67,12.7,12.67,12.7,1451.09
2022-03-28 10:30:00,ANYUSDT,5,12.68,12.72,12.67,12.7,2456.33
2022-03-28 10:35:00,ANYUSDT,5,12.71,12.76,12.7,12.76,2068.82
2022-03-28 10:40:00,ANYUSDT,5,12.76,12.78,12.56,12.57,13691.04
2022-03-28 10:45:00,ANYUSDT,5,12.56,12.65,12.56,12.58,4621.29
2022-03-28 10:50:00,ANYUSDT,5,12.57,12.7,12.34,12.55,82185.79
2022-03-28 10:55:00,ANYUSDT,5,12.53,12.63,12.52,12.6,13820.34
2022-03-28 11:00:00,ANYUSDT,5,12.6,12.62,12.52,12.6,8792.59
2022-03-28 11:05:00,ANYUSDT,5,12.6,12.69,12.58,12.68,5157.05
2022-03-28 11:10:00,ANYUSDT,5,12.68,12.71,12.66,12.71,3069.09
2022-03-28 11:15:00,ANYUSDT,5,12.7,12.71,12.68,12.69,1368.82
2022-03-28 11:20:00,ANYUSDT,5,12.71,12.78,12.69,12.76,2469.38
2022-03-28 11:25:00,ANYUSDT,5,12.76,12.8,12.75,12.8,5699.87
2022-03-28 11:30:00,ANYUSDT,5,12.8,12.82,12.79,12.81,2711.85
2022-03-28 11:35:00,ANYUSDT,5,12.8,12.82,12.72,12.77,3809.84
2022-03-28 11:40:00,ANYUSDT,5,12.78,12.82,12.77,12.82,1745.96
2022-03-28 11:45:00,ANYUSDT,5,12.82,12.83,12.74,12.76,2317.82
2022-03-28 11:50:00,ANYUSDT,5,12.77,12.78,12.74,12.75,3179.24
2022-03-28 11:55:00,ANYUSDT,5,12.77,12.8,12.75,12.8,1988.13
2022-03-28 12:00:00,ANYUSDT,5,12.78,12.78,12.74,12.76,1577.85
2022-03-28 12:05:00,ANYUSDT,5,12.75,12.79,12.74,12.79,1452.03
2022-03-28 12:10:00,ANYUSDT,5,12.8,12.94,12.77,12.87,11366.55
2022-03-28 12:15:00,ANYUSDT,5,12.88,12.92,12.82,12.89,2962.45
2022-03-28 12:20:00,ANYUSDT,5,12.9,12.9,12.81,12.81,3624.11
2022-03-28 12:25:00,ANYUSDT,5,12.82,12.83,12.81,12.81,2044.77
2022-03-28 12:30:00,ANYUSDT,5,12.83,12.85,12.81,12.83,1790.0
2022-03-28 12:35:00,ANYUSDT,5,12.84,12.86,12.83,12.86,1017.73
2022-03-28 12:40:00,ANYUSDT,5,12.86,12.87,12.84,12.85,1016.48
2022-03-28 12:45:00,ANYUSDT,5,12.85,12.9,12.85,12.89,1628.87
2022-03-28 12:50:00,ANYUSDT,5,12.89,12.9,12.89,12.9,599.93
2022-03-28 12:55:00,ANYUSDT,5,12.89,12.91,12.88,12.91,1312.86
2022-03-28 13:00:00,ANYUSDT,5,12.9,12.91,12.84,12.86,3356.51
2022-03-28 13:05:00,ANYUSDT,5,12.86,12.86,12.82,12.84,800.41
2022-03-28 13:10:00,ANYUSDT,5,12.84,12.84,12.83,12.83,40.23
2022-03-28 13:15:00,ANYUSDT,5,12.83,12.86,12.8,12.84,659.09
2022-03-28 13:20:00,ANYUSDT,5,12.86,12.86,12.82,12.82,1397.31
2022-03-28 13:25:00,ANYUSDT,5,12.83,12.86,12.82,12.85,1276.89
2022-03-28 13:30:00,ANYUSDT,5,12.86,12.91,12.84,12.86,1054.74
2022-03-28 13:35:00,ANYUSDT,5,12.88,12.9,12.83,12.83,2746.96
2022-03-28 13:40:00,ANYUSDT,5,12.85,12.86,12.82,12.85,825.6
2022-03-28 13:45:00,ANYUSDT,5,12.85,12.85,12.83,12.85,360.42
2022-03-28 13:50:00,ANYUSDT,5,12.85,12.9,12.85,12.87,1083.39
2022-03-28 13:55:00,ANYUSDT,5,12.87,12.88,12.83,12.83,986.74
2022-03-28 14:00:00,ANYUSDT,5,12.84,12.84,12.82,12.84,1097.19
2022-03-28 14:05:00,ANYUSDT,5,12.84,12.88,12.84,12.85,2219.61
2022-03-28 14:10:00,ANYUSDT,5,12.84,12.86,12.82,12.82,964.33
2022-03-28 14:15:00,ANYUSDT,5,12.82,12.85,12.82,12.85,509.79
2022-03-28 14:20:00,ANYUSDT,5,12.84,12.85,12.83,12.85,285.69
2022-03-28 14:25:00,ANYUSDT,5,12.88,12.88,12.85,12.87,1485.23
2022-03-28 14:30:00,ANYUSDT,5,12.87,12.88,12.86,12.87,617.73
2022-03-28 14:35:00,ANYUSDT,5,12.84,12.85,12.8,12.84,2671.55
2022-03-28 14:40:00,ANYUSDT,5,12.84,12.84,12.81,12.82,967.89
2022-03-28 14:45:00,ANYUSDT,5,12.82,12.84,12.8,12.8,975.74
2022-03-28 14:50:00,ANYUSDT,5,12.81,12.82,12.81,12.82,156.06
2022-03-28 14:55:00,ANYUSDT,5,12.85,12.86,12.84,12.84,622.24
2022-03-28 15:00:00,ANYUSDT,5,12.84,12.97,12.84,12.93,7651.56
2022-03-28 15:05:00,ANYUSDT,5,12.93,12.97,12.93,12.97,839.24
2022-03-28 15:10:00,ANYUSDT,5,12.93,13.02,12.91,13.0,4335.45
2022-03-28 15:15:00,ANYUSDT,5,13.01,13.03,12.93,12.95,4470.79
2022-03-28 15:20:00,ANYUSDT,5,12.95,12.97,12.93,12.95,388.41
2022-03-28 15:25:00,ANYUSDT,5,12.94,13.02,12.92,13.02,2615.48
2022-03-28 15:30:00,ANYUSDT,5,13.01,13.06,12.98,13.06,2911.28
2022-03-28 15:35:00,ANYUSDT,5,13.05,13.07,13.03,13.03,2134.6
2022-03-28 15:40:00,ANYUSDT,5,13.04,13.19,13.01,13.09,8707.23
2022-03-28 15:45:00,ANYUSDT,5,13.08,13.28,13.08,13.16,5059.51
2022-03-28 15:50:00,ANYUSDT,5,13.13,13.2,13.1,13.18,4786.83
2022-03-28 15:55:00,ANYUSDT,5,13.18,13.25,13.17,13.19,6303.21
2022-03-28 16:00:00,ANYUSDT,5,13.07,13.07,12.96,12.99,8135.61
2022-03-28 16:05:00,ANYUSDT,5,12.99,12.99,12.93,12.96,1670.09
2022-03-28 16:10:00,ANYUSDT,5,12.94,12.95,12.9,12.9,2397.1
2022-03-28 16:15:00,ANYUSDT,5,12.91,12.93,12.74,12.86,8899.18
2022-03-28 16:20:00,ANYUSDT,5,12.86,12.88,12.82,12.85,2372.56
2022-03-28 16:25:00,ANYUSDT,5,12.88,12.88,12.86,12.87,228.08
2022-03-28 16:30:00,ANYUSDT,5,12.85,12.86,12.83,12.85,1938.19
2022-03-28 16:35:00,ANYUSDT,5,12.85,12.88,12.84,12.85,1103.12
2022-03-28 16:40:00,ANYUSDT,5,12.85,12.92,12.84,12.92,3296.09
2022-03-28 16:45:00,ANYUSDT,5,12.92,12.92,12.86,12.91,1226.18
2022-03-28 16:50:00,ANYUSDT,5,12.91,12.91,12.84,12.86,2195.83
2022-03-28 16:55:00,ANYUSDT,5,12.88,12.94,12.87,12.9,1382.77
2022-03-28 17:00:00,ANYUSDT,5,12.9,12.93,12.87,12.91,979.89
2022-03-28 17:05:00,ANYUSDT,5,12.92,12.96,12.91,12.96,2703.14
2022-03-28 17:10:00,ANYUSDT,5,12.95,13.04,12.95,13.0,1708.69
2022-03-28 17:15:00,ANYUSDT,5,13.0,13.05,13.0,13.03,1470.12
2022-03-28 17:20:00,ANYUSDT,5,13.02,13.04,12.98,13.0,1223.06
2022-03-28 17:25:00,ANYUSDT,5,13.0,13.02,12.93,12.94,2439.86
2022-03-28 17:30:00,ANYUSDT,5,12.93,12.95,12.85,12.87,2619.32
2022-03-28 17:35:00,ANYUSDT,5,12.87,12.87,12.82,12.83,1357.84
2022-03-28 17:40:00,ANYUSDT,5,12.83,12.88,12.79,12.88,3287.08
2022-03-28 17:45:00,ANYUSDT,5,12.88,12.88,12.8,12.88,651.86
2022-03-28 17:50:00,ANYUSDT,5,12.88,12.88,12.82,12.83,859.04
2022-03-28 17:55:00,ANYUSDT,5,12.82,12.85,12.8,12.85,490.62
2022-03-28 18:00:00,ANYUSDT,5,12.85,12.85,12.84,12.85,479.2
2022-03-28 18:05:00,ANYUSDT,5,12.84,12.86,12.82,12.86,963.05
2022-03-28 18:10:00,ANYUSDT,5,12.87,12.9,12.86,12.9,1804.37
2022-03-28 18:15:00,ANYUSDT,5,12.89,12.9,12.82,12.84,1204.99
2022-03-28 18:20:00,ANYUSDT,5,12.84,12.84,12.82,12.82,488.61
2022-03-28 18:25:00,ANYUSDT,5,12.82,12.84,12.82,12.82,616.85
2022-03-28 18:30:00,ANYUSDT,5,12.82,12.87,12.82,12.85,425.55
2022-03-28 18:35:00,ANYUSDT,5,12.85,12.89,12.85,12.89,601.67
2022-03-28 18:40:00,ANYUSDT,5,12.89,12.91,12.89,12.91,809.65
2022-03-28 18:45:00,ANYUSDT,5,12.9,12.92,12.89,12.9,182.98
2022-03-28 18:50:00,ANYUSDT,5,12.88,12.91,12.88,12.91,578.41
2022-03-28 18:55:00,ANYUSDT,5,12.9,12.91,12.86,12.87,1695.97
2022-03-28 19:00:00,ANYUSDT,5,12.87,13.04,12.87,12.93,4940.53
2022-03-28 19:05:00,ANYUSDT,5,12.94,12.97,12.92,12.92,417.59
2022-03-28 19:10:00,ANYUSDT,5,12.92,12.94,12.92,12.92,403.34
2022-03-28 19:15:00,ANYUSDT,5,12.92,12.94,12.92,12.94,418.26
2022-03-28 19:20:00,ANYUSDT,5,12.94,12.96,12.94,12.94,589.55
2022-03-28 19:25:00,ANYUSDT,5,12.96,12.96,12.87,12.89,1100.58
2022-03-28 19:30:00,ANYUSDT,5,12.92,12.98,12.88,12.94,2164.53
2022-03-28 19:35:00,ANYUSDT,5,12.94,12.94,12.88,12.92,1680.05
2022-03-28 19:40:00,ANYUSDT,5,12.92,12.95,12.89,12.9,729.29
2022-03-28 19:45:00,ANYUSDT,5,12.88,12.89,12.87,12.89,135.48
2022-03-28 19:50:00,ANYUSDT,5,12.89,12.93,12.88,12.88,710.08
2022-03-28 19:55:00,ANYUSDT,5,12.88,12.91,12.88,12.9,335.59
2022-03-28 20:00:00,ANYUSDT,5,12.9,12.92,12.82,12.84,2526.08
2022-03-28 20:05:00,ANYUSDT,5,12.85,12.86,12.85,12.85,329.18
2022-03-28 20:10:00,ANYUSDT,5,12.85,12.86,12.82,12.82,264.67
2022-03-28 20:15:00,ANYUSDT,5,12.82,12.86,12.82,12.86,231.48
2022-03-28 20:20:00,ANYUSDT,5,12.86,12.86,12.85,12.85,624.76
2022-03-28 20:25:00,ANYUSDT,5,12.85,12.86,12.84,12.86,312.32
2022-03-28 20:30:00,ANYUSDT,5,12.86,12.86,12.84,12.85,78.72
2022-03-28 20:35:00,ANYUSDT,5,12.86,12.86,12.85,12.85,235.12
2022-03-28 20:40:00,ANYUSDT,5,12.87,12.93,12.87,12.92,1133.64
2022-03-28 20:45:00,ANYUSDT,5,12.94,12.98,12.92,12.98,1336.2
2022-03-28 20:50:00,ANYUSDT,5,12.97,12.98,12.93,12.94,1044.63
2022-03-28 20:55:00,ANYUSDT,5,12.95,12.97,12.91,12.92,949.33
2022-03-28 21:00:00,ANYUSDT,5,12.92,12.96,12.91,12.94,853.99
2022-03-28 21:05:00,ANYUSDT,5,12.94,12.97,12.94,12.97,493.36
2022-03-28 21:10:00,ANYUSDT,5,12.97,12.99,12.88,12.88,4504.99
2022-03-28 21:15:00,ANYUSDT,5,12.88,12.9,12.87,12.9,1321.28
2022-03-28 21:20:00,ANYUSDT,5,12.91,12.92,12.89,12.91,434.42
2022-03-28 21:25:00,ANYUSDT,5,12.91,12.91,12.89,12.89,614.04
2022-03-28 21:30:00,ANYUSDT,5,12.9,12.91,12.88,12.91,919.2
2022-03-28 21:35:00,ANYUSDT,5,12.91,12.91,12.88,12.9,2655.97
2022-03-28 21:40:00,ANYUSDT,5,12.88,12.9,12.86,12.9,1289.47
2022-03-28 21:45:00,ANYUSDT,5,12.89,12.9,12.85,12.88,629.96
2022-03-28 21:50:00,ANYUSDT,5,12.87,12.87,12.77,12.8,2727.31
2022-03-28 21:55:00,ANYUSDT,5,12.81,12.83,12.78,12.78,1504.92
2022-03-28 22:00:00,ANYUSDT,5,12.78,12.79,12.68,12.69,12994.57
2022-03-28 22:05:00,ANYUSDT,5,12.68,12.69,12.66,12.66,1317.33
2022-03-28 22:10:00,ANYUSDT,5,12.67,12.7,12.67,12.69,1757.35
2022-03-28 22:15:00,ANYUSDT,5,12.7,12.7,12.68,12.7,1267.17
2022-03-28 22:20:00,ANYUSDT,5,12.7,12.71,12.69,12.71,954.44
2022-03-28 22:25:00,ANYUSDT,5,12.7,12.7,12.67,12.69,662.81
2022-03-28 22:30:00,ANYUSDT,5,12.68,12.69,12.67,12.69,449.95
2022-03-28 22:35:00,ANYUSDT,5,12.69,12.71,12.68,12.71,461.5
2022-03-28 22:40:00,ANYUSDT,5,12.7,12.71,12.69,12.7,687.1
2022-03-28 22:45:00,ANYUSDT,5,12.71,12.84,12.7,12.83,3182.67
2022-03-28 22:50:00,ANYUSDT,5,12.82,12.9,12.81,12.85,5798.52
2022-03-28 22:55:00,ANYUSDT,5,12.83,12.85,12.82,12.84,640.93
2022-03-28 23:00:00,ANYUSDT,5,12.82,12.83,12.8,12.81,743.49
2022-03-28 23:05:00,ANYUSDT,5,12.81,12.83,12.73,12.78,2951.54
2022-03-28 23:10:00,ANYUSDT,5,12.79,12.79,12.71,12.75,1271.5
2022-03-28 23:15:00,ANYUSDT,5,12.74,12.74,12.69,12.72,612.38
2022-03-28 23:20:00,ANYUSDT,5,12.74,12.75,12.71,12.73,308.69
2022-03-28 23:25:00,ANYUSDT,5,12.72,12.74,12.71,12.72,214.04
2022-03-28 23:30:00,ANYUSDT,5,12.72,12.78,12.72,12.74,1863.7
2022-03-28 23:35:00,ANYUSDT,5,12.74,12.76,12.65,12.67,2745.17
2022-03-28 23:40:00,ANYUSDT,5,12.66,12.72,12.66,12.72,774.82
2022-03-28 23:45:00,ANYUSDT,5,12.68,12.71,12.67,12.68,251.49
2022-03-28 23:50:00,ANYUSDT,5,12.68,12.71,12.68,12.69,319.25
2022-03-28 23:55:00,ANYUSDT,5,12.69,12.7,12.69,12.69,1219.93
2022-03-29 00:00:00,ANYUSDT,5,12.69,12.71,12.66,12.68,584.01
2022-03-29 00:05:00,ANYUSDT,5,12.65,12.7,12.65,12.7,923.1
2022-03-29 00:10:00,ANYUSDT,5,12.69,12.88,12.66,12.74,5064.69
2022-03-29 00:15:00,ANYUSDT,5,12.73,12.73,12.7,12.72,320.48
2022-03-29 00:20:00,ANYUSDT,5,12.72,12.79,12.71,12.71,558.08
2022-03-29 00:25:00,ANYUSDT,5,12.72,12.75,12.72,12.75,174.16
2022-03-29 00:30:00,ANYUSDT,5,12.73,12.77,12.73,12.73,529.29
2022-03-29 00:35:00,ANYUSDT,5,12.73,12.78,12.72,12.78,204.1
2022-03-29 00:40:00,ANYUSDT,5,12.78,12.79,12.78,12.78,113.73
2022-03-29 00:45:00,ANYUSDT,5,12.78,12.78,12.74,12.74,354.66
2022-03-29 00:50:00,ANYUSDT,5,12.76,12.76,12.72,12.72,31.83
2022-03-29 00:55:00,ANYUSDT,5,12.73,12.74,12.7,12.71,527.93
2022-03-29 01:00:00,ANYUSDT,5,12.71,12.72,12.7,12.72,85.55
2022-03-29 01:05:00,ANYUSDT,5,12.72,12.74,12.71,12.71,274.94
2022-03-29 01:10:00,ANYUSDT,5,12.71,12.75,12.7,12.7,1071.04
2022-03-29 01:15:00,ANYUSDT,5,12.7,12.7,12.67,12.68,633.57
2022-03-29 01:20:00,ANYUSDT,5,12.68,12.68,12.63,12.63,1028.9
2022-03-29 01:25:00,ANYUSDT,5,12.63,12.66,12.62,12.63,388.76
2022-03-29 01:30:00,ANYUSDT,5,12.63,12.65,12.58,12.62,2947.69
2022-03-29 01:35:00,ANYUSDT,5,12.62,12.62,12.59,12.59,166.9
2022-03-29 01:40:00,ANYUSDT,5,12.6,12.62,12.58,12.59,540.74
2022-03-29 01:45:00,ANYUSDT,5,12.61,12.62,12.58,12.59,292.44
2022-03-29 01:50:00,ANYUSDT,5,12.58,12.59,12.53,12.55,2554.84
2022-03-29 01:55:00,ANYUSDT,5,12.55,12.56,12.53,12.56,240.0
2022-03-29 02:00:00,ANYUSDT,5,12.57,12.61,12.54,12.55,636.44
2022-03-29 02:05:00,ANYUSDT,5,12.59,12.6,12.54,12.58,703.93
2022-03-29 02:10:00,ANYUSDT,5,12.58,12.61,12.56,12.61,156.65
2022-03-29 02:15:00,ANYUSDT,5,12.59,12.63,12.59,12.6,100.44
2022-03-29 02:20:00,ANYUSDT,5,12.6,12.61,12.56,12.59,388.37
2022-03-29 02:25:00,ANYUSDT,5,12.6,12.62,12.6,12.62,259.83
2022-03-29 02:30:00,ANYUSDT,5,12.62,12.62,12.62,12.62,511.32
2022-03-29 02:35:00,ANYUSDT,5,12.62,12.64,12.62,12.64,142.69
2022-03-29 02:40:00,ANYUSDT,5,12.64,12.66,12.64,12.66,65.8
2022-03-29 02:45:00,ANYUSDT,5,12.66,12.71,12.66,12.66,910.4
2022-03-29 02:50:00,ANYUSDT,5,12.67,12.69,12.66,12.66,86.94
2022-03-29 02:55:00,ANYUSDT,5,12.67,12.76,12.66,12.76,8857.92
2022-03-29 03:00:00,ANYUSDT,5,12.77,12.77,12.76,12.76,98.68
2022-03-29 03:05:00,ANYUSDT,5,12.76,12.8,12.76,12.79,516.88
2022-03-29 03:10:00,ANYUSDT,5,12.79,12.81,12.79,12.81,361.73
2022-03-29 03:15:00,ANYUSDT,5,12.81,12.81,12.7,12.74,2917.13
2022-03-29 03:20:00,ANYUSDT,5,12.74,12.75,12.74,12.74,100.22
2022-03-29 03:25:00,ANYUSDT,5,12.74,12.78,12.71,12.78,2184.52
2022-03-29 03:30:00,ANYUSDT,5,12.76,12.76,12.75,12.75,63.43
2022-03-29 03:35:00,ANYUSDT,5,12.75,12.78,12.72,12.76,2054.35
2022-03-29 03:40:00,ANYUSDT,5,12.78,12.78,12.76,12.76,112.68
2022-03-29 03:45:00,ANYUSDT,5,12.76,12.8,12.76,12.8,1166.03
2022-03-29 03:50:00,ANYUSDT,5,12.8,12.8,12.77,12.77,156.38
2022-03-29 03:55:00,ANYUSDT,5,12.77,12.79,12.74,12.79,306.98
2022-03-29 04:00:00,ANYUSDT,5,12.79,12.8,12.79,12.8,156.31
2022-03-29 04:05:00,ANYUSDT,5,12.8,12.9,12.8,12.82,4902.14
2022-03-29 04:10:00,ANYUSDT,5,12.81,12.85,12.8,12.8,363.97
2022-03-29 04:15:00,ANYUSDT,5,12.8,12.82,12.79,12.79,142.36
2022-03-29 04:20:00,ANYUSDT,5,12.8,12.82,12.8,12.8,168.88
2022-03-29 04:25:00,ANYUSDT,5,12.8,12.8,12.8,12.8,69.02
2022-03-29 04:30:00,ANYUSDT,5,12.8,12.8,12.71,12.74,3202.35
2022-03-29 04:35:00,ANYUSDT,5,12.77,12.79,12.77,12.79,201.74
2022-03-29 04:40:00,ANYUSDT,5,12.79,12.79,12.73,12.76,511.54
2022-03-29 04:45:00,ANYUSDT,5,12.77,12.77,12.74,12.77,95.37
2022-03-29 04:50:00,ANYUSDT,5,12.77,12.77,12.75,12.77,27.91
2022-03-29 04:55:00,ANYUSDT,5,12.77,12.77,12.71,12.73,73.34
2022-03-29 05:00:00,ANYUSDT,5,12.73,12.74,12.7,12.73,476.2
2022-03-29 05:05:00,ANYUSDT,5,12.76,12.78,12.76,12.78,343.75
2022-03-29 05:10:00,ANYUSDT,5,12.77,12.78,12.76,12.78,22.0
2022-03-29 05:15:00,ANYUSDT,5,12.78,12.78,12.78,12.78,33.18
2022-03-29 05:20:00,ANYUSDT,5,12.78,12.81,12.78,12.79,369.96
2022-03-29 05:25:00,ANYUSDT,5,12.79,12.83,12.78,12.79,726.82
2022-03-29 05:30:00,ANYUSDT,5,12.78,12.81,12.78,12.79,141.19
2022-03-29 05:35:00,ANYUSDT,5,12.79,12.8,12.79,12.8,60.6
2022-03-29 05:40:00,ANYUSDT,5,12.79,12.8,12.78,12.79,105.03
2022-03-29 05:45:00,ANYUSDT,5,12.8,12.8,12.79,12.79,303.17
2022-03-29 05:50:00,ANYUSDT,5,12.78,12.81,12.76,12.81,247.22
2022-03-29 05:55:00,ANYUSDT,5,12.78,12.79,12.76,12.79,361.21
2022-03-29 06:00:00,ANYUSDT,5,12.79,12.79,12.77,12.77,259.31
2022-03-29 06:05:00,ANYUSDT,5,12.77,12.8,12.77,12.79,264.9
2022-03-29 06:10:00,ANYUSDT,5,12.8,12.83,12.8,12.8,377.45
2022-03-29 06:15:00,ANYUSDT,5,12.82,12.83,12.82,12.83,209.71
2022-03-29 06:20:00,ANYUSDT,5,12.81,12.83,12.81,12.82,408.37
2022-03-29 06:25:00,ANYUSDT,5,12.82,12.82,12.82,12.82,274.48
2022-03-29 06:30:00,ANYUSDT,5,12.82,12.83,12.81,12.83,749.6
2022-03-29 06:35:00,ANYUSDT,5,12.82,12.84,12.81,12.84,1228.01
2022-03-29 06:40:00,ANYUSDT,5,12.84,12.89,12.83,12.86,1178.57
2022-03-29 06:45:00,ANYUSDT,5,12.86,12.87,12.82,12.84,378.41
2022-03-29 06:50:00,ANYUSDT,5,12.84,12.85,12.8,12.81,792.02
2022-03-29 06:55:00,ANYUSDT,5,12.81,12.82,12.8,12.82,76.01
2022-03-29 07:00:00,ANYUSDT,5,12.82,12.84,12.82,12.84,587.8
2022-03-29 07:05:00,ANYUSDT,5,12.84,12.87,12.81,12.86,605.49
2022-03-29 07:10:00,ANYUSDT,5,12.86,12.9,12.84,12.9,2689.8
2022-03-29 07:15:00,ANYUSDT,5,12.9,12.97,12.86,12.94,7894.01
2022-03-29 07:20:00,ANYUSDT,5,12.96,13.05,12.94,12.96,5371.5
2022-03-29 07:25:00,ANYUSDT,5,12.96,13.05,12.96,13.01,1497.81
2022-03-29 07:30:00,ANYUSDT,5,13.02,13.2,13.02,13.19,15464.43
2022-03-29 07:35:00,ANYUSDT,5,13.19,13.24,13.11,13.11,3158.13
2022-03-29 07:40:00,ANYUSDT,5,13.12,13.14,13.07,13.13,2620.03
2022-03-29 07:45:00,ANYUSDT,5,13.13,13.14,13.0,13.02,3495.96
2022-03-29 07:50:00,ANYUSDT,5,13.04,13.09,12.98,12.99,3369.21
2022-03-29 07:55:00,ANYUSDT,5,13.0,13.14,12.99,13.12,5324.55
2022-03-29 08:00:00,ANYUSDT,5,13.14,13.2,13.14,13.16,2618.9
2022-03-29 08:05:00,ANYUSDT,5,13.16,13.2,13.08,13.08,1686.58
2022-03-29 08:10:00,ANYUSDT,5,13.08,13.11,13.06,13.08,380.79
2022-03-29 08:15:00,ANYUSDT,5,13.08,13.15,13.05,13.09,2304.21
2022-03-29 08:20:00,ANYUSDT,5,13.09,13.09,13.0,13.03,6104.85
2022-03-29 08:25:00,ANYUSDT,5,13.04,13.09,13.01,13.06,2445.35
2022-03-29 08:30:00,ANYUSDT,5,13.05,13.24,13.05,13.24,3067.17
2022-03-29 08:35:00,ANYUSDT,5,13.17,13.24,13.14,13.2,2028.24
2022-03-29 08:40:00,ANYUSDT,5,13.21,13.31,13.19,13.27,7586.69
2022-03-29 08:45:00,ANYUSDT,5,13.27,13.29,13.24,13.24,1486.7
2022-03-29 08:50:00,ANYUSDT,5,13.24,13.29,13.15,13.2,2620.7
2022-03-29 08:55:00,ANYUSDT,5,13.2,13.23,13.2,13.22,881.54
2022-03-29 09:00:00,ANYUSDT,5,13.22,13.23,13.2,13.2,251.04
2022-03-29 09:05:00,ANYUSDT,5,13.2,13.2,13.09,13.09,3023.15
2022-03-29 09:10:00,ANYUSDT,5,13.09,13.13,13.09,13.11,653.41
2022-03-29 09:15:00,ANYUSDT,5,13.11,13.12,13.1,13.1,578.48
2022-03-29 09:20:00,ANYUSDT,5,13.12,13.22,13.12,13.13,1961.5
2022-03-29 09:25:00,ANYUSDT,5,13.12,13.22,13.11,13.22,840.17
2022-03-29 09:30:00,ANYUSDT,5,13.2,13.23,13.18,13.2,1440.96
2022-03-29 09:35:00,ANYUSDT,5,13.19,13.21,13.1,13.11,3251.24
2022-03-29 09:40:00,ANYUSDT,5,13.13,13.13,13.13,13.13,7.61
2022-03-29 09:45:00,ANYUSDT,5,13.1,13.17,13.1,13.17,676.07
2022-03-29 09:50:00,ANYUSDT,5,13.17,13.19,13.1,13.1,2099.11
2022-03-29 09:55:00,ANYUSDT,5,13.12,13.12,13.1,13.1,506.66
2022-03-29 10:00:00,ANYUSDT,5,13.08,13.08,13.01,13.06,1487.56
2022-03-29 10:05:00,ANYUSDT,5,13.06,13.07,13.02,13.04,692.92
2022-03-29 10:10:00,ANYUSDT,5,13.05,13.09,13.04,13.09,512.85
2022-03-29 10:15:00,ANYUSDT,5,13.09,13.1,13.08,13.08,24.34
2022-03-29 10:20:00,ANYUSDT,5,13.08,13.1,13.07,13.08,271.91
2022-03-29 10:25:00,ANYUSDT,5,13.09,13.09,13.07,13.07,545.4
2022-03-29 10:30:00,ANYUSDT,5,13.1,13.13,13.09,13.12,442.14
2022-03-29 10:35:00,ANYUSDT,5,13.1,13.11,13.07,13.08,822.43
2022-03-29 10:40:00,ANYUSDT,5,13.08,13.15,13.08,13.12,1323.74
2022-03-29 10:45:00,ANYUSDT,5,13.12,13.17,13.1,13.15,1874.28
2022-03-29 10:50:00,ANYUSDT,5,13.16,13.19,13.16,13.19,172.63
2022-03-29 10:55:00,ANYUSDT,5,13.22,13.23,13.16,13.16,2118.6
2022-03-29 11:00:00,ANYUSDT,5,13.16,13.16,13.11,13.14,869.05
2022-03-29 11:05:00,ANYUSDT,5,13.14,13.2,13.14,13.2,327.94
2022-03-29 11:10:00,ANYUSDT,5,13.17,13.17,13.11,13.11,618.98
2022-03-29 11:15:00,ANYUSDT,5,13.11,13.2,13.11,13.13,1341.08
2022-03-29 11:20:00,ANYUSDT,5,13.13,13.14,13.09,13.1,275.31
2022-03-29 11:25:00,ANYUSDT,5,13.11,13.11,13.06,13.1,776.44
2022-03-29 11:30:00,ANYUSDT,5,13.09,13.1,13.07,13.07,469.08
2022-03-29 11:35:00,ANYUSDT,5,13.06,13.07,13.05,13.05,481.3
2022-03-29 11:40:00,ANYUSDT,5,13.05,13.06,13.05,13.05,41.63
2022-03-29 11:45:00,ANYUSDT,5,13.04,13.04,13.0,13.01,441.63
2022-03-29 11:50:00,ANYUSDT,5,13.01,13.02,12.98,13.0,873.43
2022-03-29 11:55:00,ANYUSDT,5,13.02,13.02,13.0,13.0,685.59
2022-03-29 12:00:00,ANYUSDT,5,12.99,13.02,12.99,13.0,658.94
2022-03-29 12:05:00,ANYUSDT,5,13.02,13.09,13.02,13.09,1152.6
2022-03-29 12:10:00,ANYUSDT,5,13.08,13.09,13.04,13.04,277.2
2022-03-29 12:15:00,ANYUSDT,5,13.05,13.05,13.03,13.03,519.32
2022-03-29 12:20:00,ANYUSDT,5,13.03,13.03,13.0,13.01,1153.95
2022-03-29 12:25:00,ANYUSDT,5,13.01,13.02,12.98,12.98,1273.36
2022-03-29 12:30:00,ANYUSDT,5,12.99,13.0,12.95,12.95,2706.39
2022-03-29 12:35:00,ANYUSDT,5,12.96,12.98,12.92,12.97,2021.84
2022-03-29 12:40:00,ANYUSDT,5,12.97,13.01,12.97,12.99,846.39
2022-03-29 12:45:00,ANYUSDT,5,13.01,13.01,12.99,13.0,171.99
2022-03-29 12:50:00,ANYUSDT,5,13.0,13.01,12.99,12.99,519.49
2022-03-29 12:55:00,ANYUSDT,5,12.99,13.01,12.94,12.97,2085.99
2022-03-29 13:00:00,ANYUSDT,5,12.99,13.0,12.97,12.99,462.26
2022-03-29 13:05:00,ANYUSDT,5,12.99,12.99,12.99,12.99,0.0
2022-03-29 13:10:00,ANYUSDT,5,12.98,13.01,12.97,13.01,750.77
2022-03-29 13:15:00,ANYUSDT,5,13.01,13.03,13.0,13.01,1546.4
2022-03-29 13:20:00,ANYUSDT,5,13.0,13.0,12.97,12.98,400.53
2022-03-29 13:25:00,ANYUSDT,5,12.98,12.98,12.96,12.96,449.21
2022-03-29 13:30:00,ANYUSDT,5,12.99,12.99,12.94,12.97,559.41
2022-03-29 13:35:00,ANYUSDT,5,12.99,13.02,12.99,13.02,915.12
2022-03-29 13:40:00,ANYUSDT,5,13.02,13.02,13.0,13.0,350.73
2022-03-29 13:45:00,ANYUSDT,5,13.02,13.03,13.0,13.01,542.9
2022-03-29 13:50:00,ANYUSDT,5,13.03,13.07,13.03,13.05,1390.05
2022-03-29 13:55:00,ANYUSDT,5,13.07,13.08,13.06,13.06,466.68
2022-03-29 14:00:00,ANYUSDT,5,13.06,13.07,13.02,13.02,1177.41
2022-03-29 14:05:00,ANYUSDT,5,13.02,13.06,13.01,13.03,597.55
2022-03-29 14:10:00,ANYUSDT,5,13.03,13.1,13.03,13.1,2132.72
2022-03-29 14:15:00,ANYUSDT,5,13.08,13.1,13.08,13.1,511.14
2022-03-29 14:20:00,ANYUSDT,5,13.1,13.11,13.09,13.1,826.35
2022-03-29 14:25:00,ANYUSDT,5,13.11,13.13,13.11,13.12,954.26
2022-03-29 14:30:00,ANYUSDT,5,13.11,13.11,13.1,13.11,626.04
2022-03-29 14:35:00,ANYUSDT,5,13.1,13.16,13.08,13.15,1396.7
2022-03-29 14:40:00,ANYUSDT,5,13.15,13.18,13.15,13.17,181.74
2022-03-29 14:45:00,ANYUSDT,5,13.19,13.23,13.18,13.22,1481.32
2022-03-29 14:50:00,ANYUSDT,5,13.22,13.25,13.21,13.21,1014.63
2022-03-29 14:55:00,ANYUSDT,5,13.22,13.26,13.21,13.24,475.1
2022-03-29 15:00:00,ANYUSDT,5,13.28,13.28,13.22,13.22,1012.71
2022-03-29 15:05:00,ANYUSDT,5,13.22,13.24,13.18,13.2,2384.15
2022-03-29 15:10:00,ANYUSDT,5,13.19,13.2,13.18,13.2,912.15
2022-03-29 15:15:00,ANYUSDT,5,13.19,13.22,13.18,13.21,1520.02
2022-03-29 15:20:00,ANYUSDT,5,13.21,13.21,13.21,13.21,0.0
2022-03-29 15:25:00,ANYUSDT,5,13.16,13.17,13.09,13.11,3568.97
2022-03-29 15:30:00,ANYUSDT,5,13.12,13.17,13.12,13.17,1524.43
2022-03-29 15:35:00,ANYUSDT,5,13.16,13.17,13.14,13.14,619.7
2022-03-29 15:40:00,ANYUSDT,5,13.14,13.14,13.13,13.14,51.75
2022-03-29 15:45:00,ANYUSDT,5,13.14,13.14,12.97,13.0,4181.82
2022-03-29 15:50:00,ANYUSDT,5,12.97,12.98,12.87,12.9,3454.76
2022-03-29 15:55:00,ANYUSDT,5,12.9,12.96,12.89,12.96,2462.14
2022-03-29 16:00:00,ANYUSDT,5,12.96,13.04,12.96,13.0,1063.19
2022-03-29 16:05:00,ANYUSDT,5,12.98,12.98,12.97,12.98,917.62
2022-03-29 16:10:00,ANYUSDT,5,12.98,13.04,12.98,13.02,1895.51
2022-03-29 16:15:00,ANYUSDT,5,13.01,13.02,13.0,13.01,1068.01
2022-03-29 16:20:00,ANYUSDT,5,13.01,13.05,13.0,13.04,342.87
2022-03-29 16:25:00,ANYUSDT,5,13.05,13.06,13.02,13.04,263.33
2022-03-29 16:30:00,ANYUSDT,5,13.06,13.09,13.05,13.06,403.09
2022-03-29 16:35:00,ANYUSDT,5,13.06,13.1,13.04,13.04,1035.46
2022-03-29 16:40:00,ANYUSDT,5,13.08,13.09,13.04,13.04,75.36
2022-03-29 16:45:00,ANYUSDT,5,13.05,13.05,13.05,13.05,18.0
2022-03-29 16:50:00,ANYUSDT,5,13.11,13.15,13.05,13.08,1096.67
2022-03-29 16:55:00,ANYUSDT,5,13.08,13.08,13.05,13.05,643.8
2022-03-29 17:00:00,ANYUSDT,5,13.05,13.1,13.04,13.1,1048.01
2022-03-29 17:05:00,ANYUSDT,5,13.1,13.15,13.08,13.09,4458.09
2022-03-29 17:10:00,ANYUSDT,5,13.11,13.15,13.09,13.11,1645.09
2022-03-29 17:15:00,ANYUSDT,5,13.1,13.1,12.5,12.98,22245.67
2022-03-29 17:20:00,ANYUSDT,5,12.99,13.02,12.99,13.02,343.39
2022-03-29 17:25:00,ANYUSDT,5,13.01,13.02,12.98,13.0,3311.43
2022-03-29 17:30:00,ANYUSDT,5,13.01,13.08,13.0,13.04,1451.67
2022-03-29 17:35:00,ANYUSDT,5,13.02,13.04,12.99,12.99,431.92
2022-03-29 17:40:00,ANYUSDT,5,12.97,12.97,12.93,12.94,1128.98
2022-03-29 17:45:00,ANYUSDT,5,12.93,12.93,12.73,12.79,3434.68
2022-03-29 17:50:00,ANYUSDT,5,12.76,12.79,12.73,12.75,3159.55
2022-03-29 17:55:00,ANYUSDT,5,12.75,12.75,12.74,12.75,457.7
2022-03-29 18:00:00,ANYUSDT,5,12.7,12.78,12.56,12.6,8446.69
2022-03-29 18:05:00,ANYUSDT,5,12.61,12.65,12.5,12.55,8465.34
2022-03-29 18:10:00,ANYUSDT,5,12.53,12.54,12.5,12.52,1684.75
2022-03-29 18:15:00,ANYUSDT,5,12.33,12.52,12.3,12.39,15710.41
2022-03-29 18:20:00,ANYUSDT,5,12.4,12.53,12.39,12.44,4302.06
2022-03-29 18:25:00,ANYUSDT,5,12.47,12.49,12.41,12.41,1214.11
2022-03-29 18:30:00,ANYUSDT,5,12.48,12.48,12.4,12.4,289.93
2022-03-29 18:35:00,ANYUSDT,5,12.42,12.44,12.3,12.35,8079.36
2022-03-29 18:40:00,ANYUSDT,5,12.35,12.38,12.26,12.38,3457.23
2022-03-29 18:45:00,ANYUSDT,5,12.39,12.42,12.39,12.42,1165.67
2022-03-29 18:50:00,ANYUSDT,5,12.45,12.47,12.32,12.4,1903.92
2022-03-29 18:55:00,ANYUSDT,5,12.41,12.45,12.39,12.4,1246.71
2022-03-29 19:00:00,ANYUSDT,5,12.42,12.44,12.4,12.4,425.47
2022-03-29 19:05:00,ANYUSDT,5,12.41,12.41,12.4,12.4,832.96
2022-03-29 19:10:00,ANYUSDT,5,12.36,12.38,12.33,12.37,378.99
2022-03-29 19:15:00,ANYUSDT,5,12.36,12.37,12.34,12.34,436.08
2022-03-29 19:20:00,ANYUSDT,5,12.34,12.34,12.32,12.33,1444.54
2022-03-29 19:25:00,ANYUSDT,5,12.33,12.34,12.33,12.34,23.54
2022-03-29 19:30:00,ANYUSDT,5,12.32,12.33,12.32,12.32,792.11
2022-03-29 19:35:00,ANYUSDT,5,12.33,12.34,12.31,12.34,3725.15
2022-03-29 19:40:00,ANYUSDT,5,12.34,12.35,12.32,12.32,331.32
2022-03-29 19:45:00,ANYUSDT,5,12.32,12.32,12.32,12.32,47.25
2022-03-29 19:50:00,ANYUSDT,5,12.31,12.35,12.31,12.35,341.38
2022-03-29 19:55:00,ANYUSDT,5,12.35,12.36,12.35,12.36,375.8
2022-03-29 20:00:00,ANYUSDT,5,12.36,12.4,12.36,12.36,457.38
2022-03-29 20:05:00,ANYUSDT,5,12.39,12.42,12.38,12.4,709.12
2022-03-29 20:10:00,ANYUSDT,5,12.4,12.42,12.37,12.37,311.19
2022-03-29 20:15:00,ANYUSDT,5,12.4,12.4,12.37,12.37,79.67
2022-03-29 20:20:00,ANYUSDT,5,12.37,12.39,12.36,12.36,192.84
2022-03-29 20:25:00,ANYUSDT,5,12.36,12.38,12.36,12.36,364.92
2022-03-29 20:30:00,ANYUSDT,5,12.37,12.37,12.36,12.36,230.23
2022-03-29 20:35:00,ANYUSDT,5,12.35,12.37,12.35,12.35,32.96
2022-03-29 20:40:00,ANYUSDT,5,12.36,12.38,12.35,12.38,1003.86
2022-03-29 20:45:00,ANYUSDT,5,12.35,12.35,12.35,12.35,879.99
2022-03-29 20:50:00,ANYUSDT,5,12.35,12.39,12.35,12.35,954.98
2022-03-29 20:55:00,ANYUSDT,5,12.38,12.39,12.3,12.35,1851.89
2022-03-29 21:00:00,ANYUSDT,5,12.34,12.37,12.3,12.35,1937.56
2022-03-29 21:05:00,ANYUSDT,5,12.36,12.37,12.33,12.35,573.75
2022-03-29 21:10:00,ANYUSDT,5,12.35,12.35,12.35,12.35,3.47
2022-03-29 21:15:00,ANYUSDT,5,12.35,12.38,12.33,12.38,882.28
2022-03-29 21:20:00,ANYUSDT,5,12.38,12.43,12.35,12.41,1124.28
2022-03-29 21:25:00,ANYUSDT,5,12.38,12.41,12.38,12.41,29.0
2022-03-29 21:30:00,ANYUSDT,5,12.43,12.43,12.37,12.4,538.25
2022-03-29 21:35:00,ANYUSDT,5,12.41,12.48,12.41,12.46,1048.38
2022-03-29 21:40:00,ANYUSDT,5,12.45,12.45,12.37,12.4,679.2
2022-03-29 21:45:00,ANYUSDT,5,12.4,12.4,12.4,12.4,70.24
2022-03-29 21:50:00,ANYUSDT,5,12.4,12.44,12.4,12.41,198.33
2022-03-29 21:55:00,ANYUSDT,5,12.43,12.44,12.38,12.44,601.32
2022-03-29 22:00:00,ANYUSDT,5,12.43,12.43,12.42,12.42,25.46
2022-03-29 22:05:00,ANYUSDT,5,12.41,12.44,12.41,12.43,238.83
2022-03-29 22:10:00,ANYUSDT,5,12.42,12.45,12.42,12.42,83.48
2022-03-29 22:15:00,ANYUSDT,5,12.44,12.45,12.43,12.44,166.13
2022-03-29 22:20:00,ANYUSDT,5,12.44,12.46,12.44,12.46,78.34
2022-03-29 22:25:00,ANYUSDT,5,12.44,12.5,12.44,12.48,697.79
2022-03-29 22:30:00,ANYUSDT,5,12.46,12.48,12.45,12.45,96.38
2022-03-29 22:35:00,ANYUSDT,5,12.44,12.45,12.44,12.44,154.73
2022-03-29 22:40:00,ANYUSDT,5,12.44,12.45,12.38,12.38,885.72
2022-03-29 22:45:00,ANYUSDT,5,12.38,12.41,12.38,12.39,234.66
2022-03-29 22:50:00,ANYUSDT,5,12.38,12.39,12.31,12.34,3806.34
2022-03-29 22:55:00,ANYUSDT,5,12.35,12.35,12.33,12.34,723.46
2022-03-29 23:00:00,ANYUSDT,5,12.34,12.36,12.32,12.32,578.6
2022-03-29 23:05:00,ANYUSDT,5,12.33,12.35,12.32,12.35,151.98
2022-03-29 23:10:00,ANYUSDT,5,12.35,12.36,12.31,12.31,172.72
2022-03-29 23:15:00,ANYUSDT,5,12.31,12.36,12.31,12.35,427.25
2022-03-29 23:20:00,ANYUSDT,5,12.35,12.35,12.33,12.34,17.4
2022-03-29 23:25:00,ANYUSDT,5,12.34,12.35,12.29,12.35,953.41
2022-03-29 23:30:00,ANYUSDT,5,12.37,12.37,12.32,12.32,194.39
2022-03-29 23:35:00,ANYUSDT,5,12.31,12.31,12.31,12.31,114.14
2022-03-29 23:40:00,ANYUSDT,5,12.32,12.32,12.29,12.3,2736.41
2022-03-29 23:45:00,ANYUSDT,5,12.3,12.3,12.22,12.22,3127.06
2022-03-29 23:50:00,ANYUSDT,5,12.23,12.27,12.22,12.22,129.61
2022-03-29 23:55:00,ANYUSDT,5,12.22,12.23,12.2,12.23,1428.51
2022-03-30 00:00:00,ANYUSDT,5,12.23,12.25,12.2,12.25,424.76
2022-03-30 00:05:00,ANYUSDT,5,12.23,12.23,12.22,12.22,284.28
2022-03-30 00:10:00,ANYUSDT,5,12.21,12.31,12.21,12.3,2322.19
2022-03-30 00:15:00,ANYUSDT,5,12.3,12.31,12.27,12.27,597.15
2022-03-30 00:20:00,ANYUSDT,5,12.26,12.29,12.22,12.22,400.88
2022-03-30 00:25:00,ANYUSDT,5,12.22,12.24,12.2,12.21,1657.75
2022-03-30 00:30:00,ANYUSDT,5,12.2,12.23,12.07,12.12,6929.59
2022-03-30 00:35:00,ANYUSDT,5,12.1,12.12,12.1,12.1,455.16
2022-03-30 00:40:00,ANYUSDT,5,12.11,12.13,12.1,12.13,195.85
2022-03-30 00:45:00,ANYUSDT,5,12.13,12.2,12.11,12.15,2736.32
2022-03-30 00:50:00,ANYUSDT,5,12.15,12.28,12.14,12.2,1306.41
2022-03-30 00:55:00,ANYUSDT,5,12.2,12.2,12.18,12.19,157.08
2022-03-30 01:00:00,ANYUSDT,5,12.18,12.19,12.16,12.16,105.91
2022-03-30 01:05:00,ANYUSDT,5,12.17,12.21,12.14,12.16,3055.7
2022-03-30 01:10:00,ANYUSDT,5,12.16,12.2,12.16,12.2,237.84
2022-03-30 01:15:00,ANYUSDT,5,12.2,12.2,12.17,12.2,272.1
2022-03-30 01:20:00,ANYUSDT,5,12.19,12.2,12.17,12.2,587.64
2022-03-30 01:25:00,ANYUSDT,5,12.2,12.2,12.19,12.2,231.04
2022-03-30 01:30:00,ANYUSDT,5,12.19,12.24,12.19,12.24,335.58
2022-03-30 01:35:00,ANYUSDT,5,12.24,12.24,12.2,12.24,205.99
2022-03-30 01:40:00,ANYUSDT,5,12.24,12.24,12.22,12.22,550.52
2022-03-30 01:45:00,ANYUSDT,5,12.24,12.39,12.22,12.38,9037.08
2022-03-30 01:50:00,ANYUSDT,5,12.39,12.45,12.35,12.42,2384.78
2022-03-30 01:55:00,ANYUSDT,5,12.4,12.47,12.38,12.41,1104.68
2022-03-30 02:00:00,ANYUSDT,5,12.4,12.4,12.35,12.35,701.89
2022-03-30 02:05:00,ANYUSDT,5,12.35,12.36,12.32,12.36,923.88
2022-03-30 02:10:00,ANYUSDT,5,12.35,12.36,12.27,12.34,2721.8
2022-03-30 02:15:00,ANYUSDT,5,12.34,12.34,12.34,12.34,168.61
2022-03-30 02:20:00,ANYUSDT,5,12.35,12.36,12.35,12.35,218.44
2022-03-30 02:25:00,ANYUSDT,5,12.35,12.35,12.33,12.33,174.27
2022-03-30 02:30:00,ANYUSDT,5,12.33,12.33,12.18,12.2,3051.43
2022-03-30 02:35:00,ANYUSDT,5,12.18,12.22,12.1,12.17,6219.97
2022-03-30 02:40:00,ANYUSDT,5,12.19,12.19,12.12,12.12,615.91
2022-03-30 02:45:00,ANYUSDT,5,12.13,12.13,12.11,12.11,308.78
2022-03-30 02:50:00,ANYUSDT,5,12.11,12.17,12.07,12.17,1261.01
2022-03-30 02:55:00,ANYUSDT,5,12.17,12.17,12.17,12.17,172.16
2022-03-30 03:00:00,ANYUSDT,5,12.17,12.19,12.17,12.19,1287.79
2022-03-30 03:05:00,ANYUSDT,5,12.18,12.2,12.18,12.18,209.29
2022-03-30 03:10:00,ANYUSDT,5,12.19,12.2,12.18,12.2,496.81
2022-03-30 03:15:00,ANYUSDT,5,12.2,12.21,12.19,12.21,797.79
2022-03-30 03:20:00,ANYUSDT,5,12.2,12.2,12.19,12.2,124.37
2022-03-30 03:25:00,ANYUSDT,5,12.19,12.26,12.18,12.2,3854.34
2022-03-30 03:30:00,ANYUSDT,5,12.2,12.2,12.2,12.2,43.43
2022-03-30 03:35:00,ANYUSDT,5,12.2,12.21,12.18,12.2,668.01
2022-03-30 03:40:00,ANYUSDT,5,12.2,12.2,12.09,12.11,1159.35
2022-03-30 03:45:00,ANYUSDT,5,12.12,12.12,12.08,12.1,1028.36
2022-03-30 03:50:00,ANYUSDT,5,12.12,12.17,12.11,12.16,611.05
2022-03-30 03:55:00,ANYUSDT,5,12.14,12.14,12.1,12.1,633.45
2022-03-30 04:00:00,ANYUSDT,5,12.1,12.16,12.1,12.16,223.51
2022-03-30 04:05:00,ANYUSDT,5,12.17,12.18,12.17,12.18,24.18
2022-03-30 04:10:00,ANYUSDT,5,12.18,12.19,12.13,12.19,1489.05
2022-03-30 04:15:00,ANYUSDT,5,12.2,12.3,12.18,12.3,3671.15
2022-03-30 04:20:00,ANYUSDT,5,12.27,12.32,12.22,12.22,631.28
2022-03-30 04:25:00,ANYUSDT,5,12.22,12.28,12.22,12.28,267.96
2022-03-30 04:30:00,ANYUSDT,5,12.28,12.34,12.28,12.3,1023.45
2022-03-30 04:35:00,ANYUSDT,5,12.31,12.38,12.3,12.34,766.27
2022-03-30 04:40:00,ANYUSDT,5,12.35,12.35,12.3,12.31,1528.19
2022-03-30 04:45:00,ANYUSDT,5,12.3,12.3,12.29,12.29,314.93
2022-03-30 04:50:00,ANYUSDT,5,12.3,12.38,12.29,12.36,1395.69
2022-03-30 04:55:00,ANYUSDT,5,12.35,12.37,12.33,12.36,566.19
2022-03-30 05:00:00,ANYUSDT,5,12.36,12.38,12.34,12.38,1039.04
2022-03-30 05:05:00,ANYUSDT,5,12.38,12.4,12.37,12.39,516.74
2022-03-30 05:10:00,ANYUSDT,5,12.38,12.43,12.36,12.4,1111.6
2022-03-30 05:15:00,ANYUSDT,5,12.38,12.4,12.38,12.38,99.09
2022-03-30 05:20:00,ANYUSDT,5,12.4,12.47,12.36,12.37,1615.15
2022-03-30 05:25:00,ANYUSDT,5,12.4,12.4,12.38,12.39,463.2
2022-03-30 05:30:00,ANYUSDT,5,12.41,12.43,12.28,12.31,7943.51
2022-03-30 05:35:00,ANYUSDT,5,12.31,12.32,12.28,12.31,723.51
2022-03-30 05:40:00,ANYUSDT,5,12.31,12.34,12.31,12.34,650.13
2022-03-30 05:45:00,ANYUSDT,5,12.34,12.36,12.3,12.33,1944.28
2022-03-30 05:50:00,ANYUSDT,5,12.33,12.4,12.33,12.36,3177.82
2022-03-30 05:55:00,ANYUSDT,5,12.36,12.36,12.3,12.3,2681.82
